[{"trial_id": "006", "score": 0.8665624856948853, "num_hidden_layers": 2, "dense_units": 128, "learning_rate": 0.001, "dropout_rate": 0.1}, {"trial_id": "026", "score": 0.8575000166893005, "num_hidden_layers": 1, "dense_units": 64, "learning_rate": 0.01, "dropout_rate": 0.2}, {"trial_id": "029", "score": 0.8571875095367432, "num_hidden_layers": 3, "dense_units": 160, "learning_rate": 0.0001, "dropout_rate": 0.1}, {"trial_id": "055", "score": 0.8570312261581421, "num_hidden_layers": 3, "dense_units": 224, "learning_rate": 0.001, "dropout_rate": 0.5}, {"trial_id": "061", "score": 0.8532812595367432, "num_hidden_layers": 3, "dense_units": 96, "learning_rate": 0.0001, "dropout_rate": 0.1}, {"trial_id": "033", "score": 0.8528125286102295, "num_hidden_layers": 2, "dense_units": 64, "learning_rate": 0.01, "dropout_rate": 0.4}, {"trial_id": "034", "score": 0.8528125286102295, "num_hidden_layers": 3, "dense_units": 64, "learning_rate": 0.0001, "dropout_rate": 0.1}, {"trial_id": "007", "score": 0.8526562452316284, "num_hidden_layers": 1, "dense_units": 160, "learning_rate": 0.001, "dropout_rate": 0.30000000000000004}, {"trial_id": "057", "score": 0.8526562452316284, "num_hidden_layers": 2, "dense_units": 128, "learning_rate": 0.0001, "dropout_rate": 0.30000000000000004}, {"trial_id": "060", "score": 0.8526562452316284, "num_hidden_layers": 1, "dense_units": 224, "learning_rate": 0.001, "dropout_rate": 0.1}, {"trial_id": "068", "score": 0.8526562452316284, "num_hidden_layers": 1, "dense_units": 64, "learning_rate": 0.001, "dropout_rate": 0.1}, {"trial_id": "069", "score": 0.8526562452316284, "num_hidden_layers": 1, "dense_units": 64, "learning_rate": 0.001, "dropout_rate": 0.2}, {"trial_id": "017", "score": 0.8525000214576721, "num_hidden_layers": 3, "dense_units": 64, "learning_rate": 0.001, "dropout_rate": 0.5}, {"trial_id": "054", "score": 0.8525000214576721, "num_hidden_layers": 2, "dense_units": 224, "learning_rate": 0.0001, "dropout_rate": 0.5}, {"trial_id": "023", "score": 0.852343738079071, "num_hidden_layers": 1, "dense_units": 64, "learning_rate": 0.001, "dropout_rate": 0.30000000000000004}, {"trial_id": "052", "score": 0.8518750071525574, "num_hidden_layers": 1, "dense_units": 160, "learning_rate": 0.0001, "dropout_rate": 0.1}, {"trial_id": "079", "score": 0.8518750071525574, "num_hidden_layers": 3, "dense_units": 224, "learning_rate": 0.0001, "dropout_rate": 0.4}, {"trial_id": "043", "score": 0.8479687571525574, "num_hidden_layers": 1, "dense_units": 256, "learning_rate": 0.0001, "dropout_rate": 0.30000000000000004}, {"trial_id": "045", "score": 0.8479687571525574, "num_hidden_layers": 3, "dense_units": 32, "learning_rate": 0.001, "dropout_rate": 0.30000000000000004}, {"trial_id": "094", "score": 0.8479687571525574, "num_hidden_layers": 3, "dense_units": 128, "learning_rate": 0.0001, "dropout_rate": 0.5}, {"trial_id": "012", "score": 0.8478124737739563, "num_hidden_layers": 1, "dense_units": 256, "learning_rate": 0.001, "dropout_rate": 0.4}, {"trial_id": "032", "score": 0.8478124737739563, "num_hidden_layers": 2, "dense_units": 160, "learning_rate": 0.0001, "dropout_rate": 0.2}, {"trial_id": "036", "score": 0.8478124737739563, "num_hidden_layers": 2, "dense_units": 224, "learning_rate": 0.0001, "dropout_rate": 0.30000000000000004}, {"trial_id": "038", "score": 0.84765625, "num_hidden_layers": 1, "dense_units": 128, "learning_rate": 0.0001, "dropout_rate": 0.1}, {"trial_id": "004", "score": 0.8475000262260437, "num_hidden_layers": 2, "dense_units": 32, "learning_rate": 0.001, "dropout_rate": 0.5}, {"trial_id": "046", "score": 0.8475000262260437, "num_hidden_layers": 1, "dense_units": 128, "learning_rate": 0.001, "dropout_rate": 0.30000000000000004}, {"trial_id": "065", "score": 0.8475000262260437, "num_hidden_layers": 2, "dense_units": 224, "learning_rate": 0.01, "dropout_rate": 0.1}, {"trial_id": "071", "score": 0.8475000262260437, "num_hidden_layers": 2, "dense_units": 224, "learning_rate": 0.01, "dropout_rate": 0.2}, {"trial_id": "091", "score": 0.8475000262260437, "num_hidden_layers": 2, "dense_units": 160, "learning_rate": 0.0001, "dropout_rate": 0.1}, {"trial_id": "067", "score": 0.8473437428474426, "num_hidden_layers": 1, "dense_units": 32, "learning_rate": 0.0001, "dropout_rate": 0.1}, {"trial_id": "062", "score": 0.8471875190734863, "num_hidden_layers": 3, "dense_units": 32, "learning_rate": 0.01, "dropout_rate": 0.2}, {"trial_id": "084", "score": 0.846875011920929, "num_hidden_layers": 3, "dense_units": 224, "learning_rate": 0.0001, "dropout_rate": 0.30000000000000004}, {"trial_id": "078", "score": 0.8467187285423279, "num_hidden_layers": 1, "dense_units": 192, "learning_rate": 0.0001, "dropout_rate": 0.30000000000000004}, {"trial_id": "022", "score": 0.8440625071525574, "num_hidden_layers": 2, "dense_units": 96, "learning_rate": 0.001, "dropout_rate": 0.5}, {"trial_id": "010", "score": 0.8434374928474426, "num_hidden_layers": 2, "dense_units": 192, "learning_rate": 0.0001, "dropout_rate": 0.4}, {"trial_id": "051", "score": 0.8431249856948853, "num_hidden_layers": 2, "dense_units": 160, "learning_rate": 0.0001, "dropout_rate": 0.4}, {"trial_id": "064", "score": 0.8431249856948853, "num_hidden_layers": 1, "dense_units": 96, "learning_rate": 0.001, "dropout_rate": 0.2}, {"trial_id": "021", "score": 0.842968761920929, "num_hidden_layers": 3, "dense_units": 32, "learning_rate": 0.001, "dropout_rate": 0.5}, {"trial_id": "028", "score": 0.842968761920929, "num_hidden_layers": 3, "dense_units": 192, "learning_rate": 0.0001, "dropout_rate": 0.30000000000000004}, {"trial_id": "049", "score": 0.842968761920929, "num_hidden_layers": 1, "dense_units": 32, "learning_rate": 0.001, "dropout_rate": 0.5}, {"trial_id": "063", "score": 0.842968761920929, "num_hidden_layers": 1, "dense_units": 192, "learning_rate": 0.0001, "dropout_rate": 0.1}, {"trial_id": "037", "score": 0.8428124785423279, "num_hidden_layers": 2, "dense_units": 64, "learning_rate": 0.001, "dropout_rate": 0.30000000000000004}, {"trial_id": "053", "score": 0.8428124785423279, "num_hidden_layers": 2, "dense_units": 64, "learning_rate": 0.001, "dropout_rate": 0.4}, {"trial_id": "088", "score": 0.8428124785423279, "num_hidden_layers": 2, "dense_units": 64, "learning_rate": 0.0001, "dropout_rate": 0.1}, {"trial_id": "086", "score": 0.8426562547683716, "num_hidden_layers": 3, "dense_units": 128, "learning_rate": 0.0001, "dropout_rate": 0.30000000000000004}, {"trial_id": "011", "score": 0.8424999713897705, "num_hidden_layers": 1, "dense_units": 224, "learning_rate": 0.001, "dropout_rate": 0.4}, {"trial_id": "016", "score": 0.8424999713897705, "num_hidden_layers": 1, "dense_units": 128, "learning_rate": 0.0001, "dropout_rate": 0.2}, {"trial_id": "066", "score": 0.8423437476158142, "num_hidden_layers": 2, "dense_units": 64, "learning_rate": 0.001, "dropout_rate": 0.5}, {"trial_id": "090", "score": 0.8423437476158142, "num_hidden_layers": 1, "dense_units": 192, "learning_rate": 0.001, "dropout_rate": 0.30000000000000004}, {"trial_id": "042", "score": 0.8420312404632568, "num_hidden_layers": 3, "dense_units": 32, "learning_rate": 0.001, "dropout_rate": 0.1}, {"trial_id": "085", "score": 0.8420312404632568, "num_hidden_layers": 2, "dense_units": 64, "learning_rate": 0.01, "dropout_rate": 0.30000000000000004}, {"trial_id": "003", "score": 0.8418750166893005, "num_hidden_layers": 3, "dense_units": 128, "learning_rate": 0.001, "dropout_rate": 0.4}, {"trial_id": "077", "score": 0.8387500047683716, "num_hidden_layers": 2, "dense_units": 224, "learning_rate": 0.01, "dropout_rate": 0.30000000000000004}, {"trial_id": "059", "score": 0.8385937213897705, "num_hidden_layers": 1, "dense_units": 224, "learning_rate": 0.0001, "dropout_rate": 0.30000000000000004}, {"trial_id": "050", "score": 0.8384374976158142, "num_hidden_layers": 2, "dense_units": 32, "learning_rate": 0.001, "dropout_rate": 0.4}, {"trial_id": "098", "score": 0.8384374976158142, "num_hidden_layers": 2, "dense_units": 32, "learning_rate": 0.001, "dropout_rate": 0.2}, {"trial_id": "025", "score": 0.8382812738418579, "num_hidden_layers": 1, "dense_units": 256, "learning_rate": 0.0001, "dropout_rate": 0.4}, {"trial_id": "072", "score": 0.8382812738418579, "num_hidden_layers": 1, "dense_units": 96, "learning_rate": 0.01, "dropout_rate": 0.4}, {"trial_id": "076", "score": 0.8382812738418579, "num_hidden_layers": 1, "dense_units": 160, "learning_rate": 0.001, "dropout_rate": 0.1}, {"trial_id": "014", "score": 0.8379687666893005, "num_hidden_layers": 2, "dense_units": 256, "learning_rate": 0.01, "dropout_rate": 0.30000000000000004}, {"trial_id": "073", "score": 0.8378124833106995, "num_hidden_layers": 3, "dense_units": 32, "learning_rate": 0.001, "dropout_rate": 0.4}, {"trial_id": "089", "score": 0.8378124833106995, "num_hidden_layers": 3, "dense_units": 96, "learning_rate": 0.0001, "dropout_rate": 0.5}, {"trial_id": "008", "score": 0.8376562595367432, "num_hidden_layers": 2, "dense_units": 192, "learning_rate": 0.0001, "dropout_rate": 0.2}, {"trial_id": "015", "score": 0.8337500095367432, "num_hidden_layers": 1, "dense_units": 192, "learning_rate": 0.01, "dropout_rate": 0.4}, {"trial_id": "031", "score": 0.8337500095367432, "num_hidden_layers": 1, "dense_units": 32, "learning_rate": 0.0001, "dropout_rate": 0.2}, {"trial_id": "044", "score": 0.8337500095367432, "num_hidden_layers": 2, "dense_units": 64, "learning_rate": 0.0001, "dropout_rate": 0.4}, {"trial_id": "087", "score": 0.8334375023841858, "num_hidden_layers": 3, "dense_units": 256, "learning_rate": 0.001, "dropout_rate": 0.2}, {"trial_id": "009", "score": 0.8332812786102295, "num_hidden_layers": 3, "dense_units": 224, "learning_rate": 0.01, "dropout_rate": 0.2}, {"trial_id": "080", "score": 0.8332812786102295, "num_hidden_layers": 3, "dense_units": 224, "learning_rate": 0.001, "dropout_rate": 0.2}, {"trial_id": "083", "score": 0.8332812786102295, "num_hidden_layers": 2, "dense_units": 96, "learning_rate": 0.01, "dropout_rate": 0.2}, {"trial_id": "092", "score": 0.8332812786102295, "num_hidden_layers": 3, "dense_units": 192, "learning_rate": 0.001, "dropout_rate": 0.2}, {"trial_id": "000", "score": 0.8331249952316284, "num_hidden_layers": 1, "dense_units": 64, "learning_rate": 0.0001, "dropout_rate": 0.2}, {"trial_id": "041", "score": 0.8331249952316284, "num_hidden_layers": 2, "dense_units": 128, "learning_rate": 0.001, "dropout_rate": 0.4}, {"trial_id": "048", "score": 0.832812488079071, "num_hidden_layers": 2, "dense_units": 160, "learning_rate": 0.001, "dropout_rate": 0.5}, {"trial_id": "056", "score": 0.8326562643051147, "num_hidden_layers": 2, "dense_units": 64, "learning_rate": 0.001, "dropout_rate": 0.1}, {"trial_id": "099", "score": 0.8326562643051147, "num_hidden_layers": 2, "dense_units": 64, "learning_rate": 0.0001, "dropout_rate": 0.2}, {"trial_id": "019", "score": 0.828906238079071, "num_hidden_layers": 3, "dense_units": 32, "learning_rate": 0.0001, "dropout_rate": 0.1}, {"trial_id": "027", "score": 0.828906238079071, "num_hidden_layers": 1, "dense_units": 32, "learning_rate": 0.0001, "dropout_rate": 0.30000000000000004}, {"trial_id": "075", "score": 0.8287500143051147, "num_hidden_layers": 3, "dense_units": 128, "learning_rate": 0.001, "dropout_rate": 0.2}, {"trial_id": "039", "score": 0.8285937309265137, "num_hidden_layers": 1, "dense_units": 96, "learning_rate": 0.0001, "dropout_rate": 0.1}, {"trial_id": "058", "score": 0.8285937309265137, "num_hidden_layers": 1, "dense_units": 192, "learning_rate": 0.01, "dropout_rate": 0.30000000000000004}, {"trial_id": "074", "score": 0.8285937309265137, "num_hidden_layers": 3, "dense_units": 192, "learning_rate": 0.001, "dropout_rate": 0.30000000000000004}, {"trial_id": "093", "score": 0.8285937309265137, "num_hidden_layers": 2, "dense_units": 224, "learning_rate": 0.001, "dropout_rate": 0.5}, {"trial_id": "097", "score": 0.8285937309265137, "num_hidden_layers": 3, "dense_units": 96, "learning_rate": 0.001, "dropout_rate": 0.2}, {"trial_id": "035", "score": 0.8284375071525574, "num_hidden_layers": 2, "dense_units": 96, "learning_rate": 0.01, "dropout_rate": 0.5}, {"trial_id": "040", "score": 0.8243749737739563, "num_hidden_layers": 2, "dense_units": 32, "learning_rate": 0.0001, "dropout_rate": 0.1}, {"trial_id": "005", "score": 0.8239062428474426, "num_hidden_layers": 2, "dense_units": 96, "learning_rate": 0.01, "dropout_rate": 0.30000000000000004}, {"trial_id": "047", "score": 0.8237500190734863, "num_hidden_layers": 1, "dense_units": 224, "learning_rate": 0.01, "dropout_rate": 0.30000000000000004}, {"trial_id": "070", "score": 0.8237500190734863, "num_hidden_layers": 3, "dense_units": 256, "learning_rate": 0.01, "dropout_rate": 0.1}, {"trial_id": "001", "score": 0.8235937356948853, "num_hidden_layers": 1, "dense_units": 224, "learning_rate": 0.01, "dropout_rate": 0.1}, {"trial_id": "082", "score": 0.8235937356948853, "num_hidden_layers": 3, "dense_units": 128, "learning_rate": 0.01, "dropout_rate": 0.30000000000000004}, {"trial_id": "081", "score": 0.8199999928474426, "num_hidden_layers": 2, "dense_units": 64, "learning_rate": 0.01, "dropout_rate": 0.2}, {"trial_id": "024", "score": 0.8193749785423279, "num_hidden_layers": 3, "dense_units": 192, "learning_rate": 0.001, "dropout_rate": 0.1}, {"trial_id": "002", "score": 0.8146874904632568, "num_hidden_layers": 1, "dense_units": 256, "learning_rate": 0.01, "dropout_rate": 0.1}, {"trial_id": "095", "score": 0.8145312666893005, "num_hidden_layers": 3, "dense_units": 256, "learning_rate": 0.01, "dropout_rate": 0.5}, {"trial_id": "030", "score": 0.8142187595367432, "num_hidden_layers": 2, "dense_units": 160, "learning_rate": 0.01, "dropout_rate": 0.2}, {"trial_id": "013", "score": 0.8096874952316284, "num_hidden_layers": 3, "dense_units": 224, "learning_rate": 0.01, "dropout_rate": 0.1}, {"trial_id": "018", "score": 0.7953125238418579, "num_hidden_layers": 3, "dense_units": 64, "learning_rate": 0.0001, "dropout_rate": 0.5}, {"trial_id": "096", "score": 0.7568749785423279, "num_hidden_layers": 1, "dense_units": 32, "learning_rate": 0.0001, "dropout_rate": 0.4}, {"trial_id": "020", "score": 0.7146875262260437, "num_hidden_layers": 1, "dense_units": 32, "learning_rate": 0.0001, "dropout_rate": 0.5}]